time_step,total_population,resource_concentration,genotype_0_density,genotype_1_density,genotype_2_density,genotype_3_density,genotype_4_density,genotype_5_density,genotype_6_density,genotype_7_density,genotype_8_density,genotype_9_density,genotype_10_density,genotype_11_density,genotype_12_density,genotype_13_density,genotype_14_density,genotype_15_density,genotype_16_density,genotype_17_density,genotype_18_density,genotype_19_density,mutation_frequency,cooperation_index,competition_index,mean_fitness,mean_resistance,mean_efficiency,biofilm_fraction,hgt_events,divisions,deaths,phase_lag,phase_log,phase_stationary,phase_death,mean_antibiotic,mean_biofilm,cumulative_mutations,cumulative_hgt,total_resource_consumed
1,300,15.25,0.333333,0.333333,0.333333,0.0,0.0,0.0,0.0,0.0,0.0,0.0,0.0,0.0,0.0,0.0,0.0,0.0,0.0,0.0,0.0,0.0,0.0,0.0,0.0,0.581442,0.073883,1.002852,0.0,0,0,0,300,0,0,0,0.0,0.0,0,0,0.0
2,299,15.5,0.334448,0.334448,0.331104,0.0,0.0,0.0,0.0,0.0,0.0,0.0,0.0,0.0,0.0,0.0,0.0,0.0,0.0,0.0,0.0,0.0,0.0,0.0,0.0,0.581821,0.073827,1.002895,0.0,0,0,1,299,0,0,0,0.0,0.0,0,0,0.0
3,298,15.75,0.332215,0.33557,0.332215,0.0,0.0,0.0,0.0,0.0,0.0,0.0,0.0,0.0,0.0,0.0,0.0,0.0,0.0,0.0,0.0,0.0,0.0,0.0,0.0,0.581951,0.073645,1.002692,0.0,0,0,1,298,0,0,0,0.0,0.0,0,0,0.0
4,297,16.0,0.329966,0.3367,0.333333,0.0,0.0,0.0,0.0,0.0,0.0,0.0,0.0,0.0,0.0,0.0,0.0,0.0,0.0,0.0,0.0,0.0,0.0,0.497088,0.0,0.582224,0.073716,1.002613,1.0,0,0,1,297,0,0,0,0.0,0.0,0,0,0.0
5,295,16.235974,0.325424,0.338983,0.335593,0.0,0.0,0.0,0.0,0.0,0.0,0.0,0.0,0.0,0.0,0.0,0.0,0.0,0.0,0.0,0.0,0.0,0.0,0.496877,0.0,0.582627,0.073873,1.00276,1.0,0,0,2,0,295,0,0,0.0,0.000369,0,0,802.3745
6,373,16.472035,0.335121,0.327078,0.337802,0.0,0.0,0.0,0.0,0.0,0.0,0.0,0.0,0.0,0.0,0.0,0.0,0.0,0.0,0.0,0.0,0.0,0.0,0.027936,7e-06,0.460915,0.073942,1.015011,0.0563,0,78,0,78,295,0,0,0.0,0.000386,0,0,1374.6968
7,589,16.708085,0.325976,0.339559,0.334465,0.0,0.0,0.0,0.0,0.0,0.0,0.0,0.0,0.0,0.0,0.0,0.0,0.0,0.0,0.0,0.0,0.0,0.018349,0.019404,0.000161,0.370754,0.073741,1.003049,0.039049,0,218,2,296,293,0,0,0.0,0.000392,4,0,1941.2765
8,840,16.944228,0.32381,0.339286,0.334524,0.0,0.0,0.0,0.0,0.0,0.0,0.0,0.0,0.0,0.0,0.00119,0.0,0.0,0.00119,0.0,0.0,0.0,0.01581,0.028385,0.000231,0.407337,0.073803,1.006465,0.057143,0,253,2,547,293,0,0,0.0,0.000403,8,0,2506.4802
9,951,17.180354,0.327024,0.335436,0.335436,0.0,0.0,0.0,0.0,0.0,0.0,0.0,0.0,0.0,0.0,0.001052,0.0,0.0,0.001052,0.0,0.0,0.0,0.0,0.044997,0.000281,0.513526,0.073664,1.007323,0.090431,0,116,5,660,291,0,0,0.0,0.000401,8,0,3065.2521
10,1150,17.416576,0.324348,0.337391,0.336522,0.0,0.0,0.0,0.0,0.0,0.0,0.0,0.0,0.0,0.0,0.00087,0.0,0.0,0.00087,0.0,0.0,0.0,0.014706,0.097421,0.000272,0.481613,0.073356,1.004036,0.195652,0,204,5,859,291,0,0,0.0,0.0004,11,0,3620.033
11,1330,17.648976,0.326316,0.335338,0.336842,0.0,0.0,0.0,0.0,0.0,0.0,0.0,0.0,0.0,0.0,0.000752,0.0,0.0,0.000752,0.0,0.0,0.0,0.01087,0.161307,0.000238,0.503261,0.073537,1.006806,0.32406,0,184,4,965,365,0,0,0.0,0.00049,13,0,4392.0282
12,1716,17.87156,0.324592,0.333916,0.339744,0.0,0.0,0.0,0.0,0.0,0.0,0.0,0.0,0.0,0.0,0.000583,0.0,0.000583,0.000583,0.0,0.0,0.0,0.012723,0.160598,0.000244,0.45148,0.073402,1.008404,0.322844,0,393,7,1140,576,0,0,0.0,0.000763,18,0,5682.271
13,2123,18.082469,0.327367,0.335374,0.335846,0.0,0.0,0.0,0.0,0.0,0.0,0.0,0.0,0.0,0.0,0.000471,0.0,0.000471,0.000471,0.0,0.0,0.0,0.004854,0.128874,0.000318,0.472739,0.07361,1.008103,0.259067,0,412,5,1305,818,0,0,0.0,0.001095,20,0,7484.2832
14,2663,18.287909,0.324446,0.335712,0.337965,0.0,0.0,0.0,0.0,0.0,0.0,0.0,0.0,0.0,0.0,0.000751,0.0,0.000376,0.000751,0.0,0.0,0.0,0.014467,0.111378,0.000426,0.464759,0.073682,1.006741,0.223808,0,553,13,1735,928,0,0,0.0,0.001287,28,0,9413.3859
15,3315,18.48426,0.324284,0.336048,0.337557,0.0,0.0,0.0,0.0,0.0,0.0,0.0,0.0,0.0,0.0,0.000905,0.0,0.000302,0.000905,0.0,0.0,0.0,0.010417,0.127663,0.00053,0.467347,0.073744,1.009437,0.25641,1,672,20,2197,1118,0,0,0.0,0.001585,35,1,11781.0798
16,4104,18.672314,0.326754,0.331871,0.339669,0.0,0.0,0.0,0.0,0.0,0.0,0.0,0.0,0.0,0.0,0.000731,0.0,0.000244,0.000731,0.0,0.0,0.0,0.009852,0.139014,0.000656,0.471436,0.07342,1.0089,0.27924,0,812,23,2816,1288,0,0,0.0,0.001875,43,1,14483.3891
17,5044,18.842254,0.323949,0.335646,0.338422,0.0,0.0,0.0,0.000198,0.0,0.0,0.0,0.0,0.0,0.0,0.000793,0.0,0.000198,0.000793,0.0,0.0,0.0,0.007254,0.154063,0.000837,0.474969,0.073727,1.007451,0.309675,0,965,25,3383,1661,0,0,0.0,0.002443,50,1,18117.6172
18,6177,18.993588,0.323458,0.335924,0.338514,0.0,0.0,0.0,0.000162,0.0,0.0,0.0,0.0,0.0,0.0,0.000809,0.0,0.000324,0.000809,0.0,0.0,0.0,0.009426,0.163701,0.000985,0.475986,0.073727,1.009108,0.329124,0,1167,34,4130,2047,0,0,0.0,0.003106,61,1,22564.9109
19,7722,19.120073,0.326081,0.332686,0.339031,0.0,0.0,0.0,0.000259,0.0,0.0,0.0,0.0,0.0,0.0,0.000777,0.0,0.000389,0.000648,0.00013,0.0,0.0,0.009554,0.173884,0.001273,0.4682,0.073596,1.010177,0.349391,0,1570,25,5147,2575,0,0,0.0,0.004034,76,1,28206.2702
20,9469,19.21507,0.326328,0.33108,0.340374,0.0,0.0,0.0,0.000211,0.0,0.0,0.0,0.0,0.0,0.0,0.000739,0.0,0.000317,0.000739,0.000211,0.0,0.0,0.007271,0.187146,0.00155,0.477173,0.073379,1.01016,0.376175,0,1788,41,6251,3218,0,0,0.0,0.00524,89,1,35325.6761
21,11478,19.272987,0.325057,0.333943,0.338648,0.0,0.0,0.0,0.000174,0.0,0.0,0.0,0.0,0.0,0.0,0.000871,0.0,0.000261,0.000871,0.000174,0.0,0.0,0.006488,0.194537,0.002086,0.46184,0.0737,1.00944,0.391009,0,2466,457,7669,3809,0,0,0.0,0.006841,105,1,44217.342
22,10245,19.461814,0.324256,0.334212,0.339092,0.0,0.0,0.0,0.000195,0.0,0.0,0.0,0.0,0.0,0.0,0.000781,0.0,0.000293,0.000976,0.000195,0.0,0.0,0.0,0.272151,0.002606,0.588028,0.073639,1.009451,0.547487,0,0,1233,6052,807,3386,0,0.0,0.008959,105,1,48289.4991
23,9502,19.643923,0.323721,0.332983,0.34077,0.0,0.0,0.0,0.00021,0.0,0.0,0.0,0.0,0.0,0.0,0.000737,0.0,0.000316,0.001052,0.00021,0.0,0.0,0.0,0.3147,0.003135,0.588315,0.073538,1.009515,0.632498,0,0,743,4706,926,3870,0,0.0,0.011675,105,1,53127.9081
24,10688,19.771423,0.324382,0.330464,0.342721,9.4e-05,0.0,0.0,0.000187,0.0,0.0,0.0,0.0,0.0,0.0,0.000749,0.0,0.000281,0.000936,0.000187,0.0,0.0,0.010708,0.273254,0.00385,0.496014,0.073468,1.011945,0.548933,0,1681,495,4982,2049,3657,0,0.0,0.01508,123,1,60731.3702
25,9728,19.927485,0.325247,0.331003,0.341591,0.000103,0.0,0.0,0.000206,0.0,0.0,0.0,0.0,0.0,0.0,0.000822,0.0,0.000308,0.000617,0.000103,0.0,0.0,0.0,0.307963,0.004666,0.589819,0.073377,1.012045,0.618729,0,0,960,3311,1261,5156,0,0.0,0.019301,123,1,67875.1443
26,11733,20.008747,0.325577,0.334271,0.338021,8.5e-05,0.0,0.0,8.5e-05,0.0,0.0,0.0,0.0,0.0,8.5e-05,0.000852,0.0,0.000256,0.000597,0.00017,0.0,0.0,0.006993,0.23747,0.005704,0.460646,0.073343,1.011675,0.476945,0,2574,569,4031,2850,4852,0,0.0,0.024662,141,1,79005.9165
27,10311,20.221706,0.327999,0.333527,0.33634,9.7e-05,0.0,0.0,9.7e-05,0.0,0.0,0.0,0.0,0.0,9.7e-05,0.000776,0.0,0.000291,0.000582,0.000194,0.0,0.0,0.0,0.2929,0.006591,0.589934,0.073005,1.011877,0.588304,0,0,1422,3544,0,6767,0,0.0,0.02884,141,1,84099.37
28,9500,20.439128,0.327368,0.334526,0.336,0.000105,0.0,0.0,0.000105,0.0,0.0,0.0,0.0,0.0,0.000105,0.000737,0.0,0.000316,0.000632,0.000105,0.0,0.0,0.0,0.326514,0.007331,0.590074,0.072917,1.01183,0.656,0,0,811,3246,0,6254,0,0.0,0.032665,141,1,88887.6982
29,9727,20.601803,0.326514,0.332065,0.339056,0.000206,0.0,0.0,0.000103,0.0,0.0,0.0,0.0,0.0,0.000103,0.000822,0.0,0.000308,0.000617,0.000206,0.0,0.0,0.008415,0.318432,0.008204,0.547049,0.072674,1.012215,0.639868,0,713,486,2695,1122,5910,0,0.0,0.037631,147,1,96887.6519
30,10474,20.768486,0.326523,0.331583,0.339412,0.000191,0.0,0.0,9.5e-05,0.0,0.0,0.0,0.0,0.0,9.5e-05,0.000955,0.0,0.000286,0.000668,0.000191,0.0,0.0,0.00761,0.293833,0.008957,0.516465,0.072692,1.013615,0.590796,3,1314,567,3839,1043,5592,0,0.0,0.041889,157,4,104327.5429
31,9615,20.897147,0.327301,0.332085,0.338326,0.000208,0.0,0.0,0.000104,0.0,0.0,0.0,0.0,0.0,0.000104,0.00104,0.0,0.000208,0.00052,0.000104,0.0,0.0,0.0,0.353976,0.01001,0.591251,0.072837,1.013549,0.7117,0,0,859,1820,1710,6085,0,0.0,0.048257,157,4,115079.8083
32,11129,21.03536,0.327073,0.334442,0.336149,0.00018,0.0,0.0,9e-05,0.0,0.0,0.0,0.0,0.0,0.00018,0.000988,0.0,0.00027,0.000539,9e-05,0.0,0.0,0.008189,0.28506,0.010859,0.481186,0.073022,1.01238,0.572468,0,2076,562,3782,1608,5739,0,0.0,0.053551,174,4,124787.6527
33,9954,21.249847,0.323789,0.336448,0.337653,0.000201,0.0,0.0,0.0001,0.0,0.0,0.0,0.0,0.0,0.000201,0.000904,0.0,0.000201,0.000402,0.0001,0.0,0.0,0.0,0.370725,0.011851,0.590822,0.072883,1.012181,0.744726,0,0,1175,3377,0,6577,0,0.0,0.058505,174,4,131305.9211
34,9871,21.442286,0.324992,0.33563,0.337352,0.000203,0.0,0.0,0.000101,0.0,0.0,0.0,0.0,0.0,0.000203,0.00081,0.0,0.000203,0.000405,0.000101,0.0,0.0,0.010345,0.365641,0.012784,0.556371,0.073024,1.013913,0.734475,0,580,663,3241,501,6129,0,0.0,0.063571,180,4,138956.5647
35,10736,21.593296,0.323025,0.335693,0.339326,0.000279,0.0,0.0,0.000186,0.0,0.0,0.0,0.0,0.0,9.3e-05,0.000652,0.0,0.000279,0.000373,9.3e-05,0.0,0.0,0.00876,0.335687,0.013638,0.510109,0.072792,1.013415,0.674739,9,1484,619,3660,1331,5745,0,0.0,0.069224,193,13,148895.4472
36,9770,21.808988,0.324974,0.33521,0.337769,0.000307,0.0,0.0,0.000205,0.0,0.0,0.0,0.0,0.0,0.000102,0.000716,0.0,0.000307,0.000307,0.000102,0.0,0.0,0.0,0.396258,0.01435,0.592066,0.072868,1.01379,0.795701,0,0,966,3352,0,6418,0,0.0,0.074267,193,13,155918.5526
37,10226,21.955326,0.324467,0.337082,0.336397,0.000293,0.0,0.0,0.000196,0.0,0.0,0.0,0.0,0.0,9.8e-05,0.000782,0.0,0.000293,0.000293,9.8e-05,0.0,0.0,0.009964,0.366199,0.015118,0.52827,0.072882,1.015055,0.736554,0,1104,648,2820,1413,5993,0,0.0,0.080658,204,13,166972.0129
38,9404,22.169427,0.325606,0.338367,0.3339,0.000319,0.0,0.0,0.000213,0.0,0.0,0.0,0.0,0.0,0.000106,0.000744,0.0,0.000319,0.000319,0.000106,0.0,0.0,0.0,0.407256,0.015555,0.592627,0.072844,1.014803,0.819332,0,0,822,2571,0,6833,0,0.0,0.086164,204,13,174766.1009
39,9761,22.365115,0.323942,0.338797,0.335109,0.000307,0.0,0.0,0.000205,0.0,0.0,0.0,0.0,0.0,0.0,0.00082,0.0,0.000307,0.00041,0.000102,0.0,0.0,0.010216,0.377679,0.016497,0.539246,0.07335,1.015271,0.759144,0,881,524,2907,405,6449,0,0.0,0.091591,213,13,183421.0394
40,10214,22.511088,0.323967,0.337967,0.335716,0.000294,9.8e-05,0.0,0.000196,0.0,0.0,0.0,0.0,0.0,0.0,0.000783,0.0,0.000392,0.000392,0.000196,0.0,0.0,0.010055,0.374595,0.017541,0.529791,0.073033,1.016913,0.75328,2,1094,641,2797,1394,6023,0,0.0,0.097881,224,15,194988.2783
41,9437,22.725048,0.323832,0.337183,0.336654,0.000318,0.0,0.0,0.000212,0.0,0.0,0.0,0.0,0.0,0.0,0.000742,0.0,0.000424,0.000424,0.000212,0.0,0.0,0.0,0.421354,0.017888,0.59395,0.073057,1.016944,0.847515,0,0,777,2589,0,6848,0,0.0,0.103378,224,15,203347.758
42,9698,22.901837,0.319757,0.33677,0.341204,0.000206,0.0,0.0,0.000206,0.0,0.0,0.0,0.0,0.0,0.0,0.000722,0.0,0.000516,0.000412,0.000206,0.0,0.0,0.007792,0.39341,0.018733,0.54697,0.072758,1.015226,0.7914,0,770,509,2454,764,6480,0,0.0,0.109208,230,15,213655.8305
43,10267,23.082833,0.320152,0.33632,0.34119,0.000195,0.0,0.0,0.000292,0.0,0.0,0.0,0.0,0.0,0.0,0.000682,0.0,0.000584,0.00039,0.000195,0.0,0.0,0.009306,0.377173,0.019057,0.524869,0.072528,1.015972,0.759326,0,1182,613,3490,715,6062,0,0.0,0.114409,241,15,223409.3297
44,9431,23.266185,0.320327,0.335913,0.341215,0.000212,0.0,0.0,0.000318,0.0,0.0,0.0,0.0,0.0,0.0,0.000742,0.0,0.000636,0.000424,0.000212,0.0,0.0,0.0,0.436253,0.019827,0.593579,0.072684,1.01604,0.877638,0,0,836,2566,633,6232,0,0.0,0.119973,241,15,233548.3949
45,10379,23.415268,0.320937,0.335003,0.341459,0.000193,0.0,0.0,0.000289,9.6e-05,0.0,0.0,0.0,0.0,0.0,0.000867,0.0,0.000578,0.000385,0.000193,0.0,0.0,0.011165,0.379976,0.020492,0.511748,0.073198,1.015776,0.763657,5,1433,485,3127,1369,5883,0,0.0,0.125786,257,20,245453.5598
46,9524,23.629853,0.321294,0.336098,0.339983,0.00021,0.0,0.0,0.00021,0.000105,0.0,0.0,0.0,0.0,0.0,0.00084,0.0,0.00063,0.00042,0.00021,0.0,0.0,0.0,0.44498,0.021049,0.593854,0.073095,1.015745,0.893742,0,0,855,2852,0,6672,0,0.0,0.131066,257,20,254429.471
47,9643,23.81976,0.321269,0.337654,0.338588,0.000207,0.0,0.0,0.000207,0.0,0.0,0.0,0.0,0.0,0.0,0.00083,0.0,0.000622,0.000415,0.000207,0.0,0.0,0.005908,0.415287,0.021577,0.552249,0.073157,1.016858,0.833973,0,677,558,2815,549,6279,0,0.0,0.136299,261,20,264496.9386
48,10284,23.969279,0.321179,0.336153,0.339751,0.000194,0.0,0.0,0.000194,0.0,0.0,0.0,0.0,0.0,0.0,0.000875,0.0,0.000875,0.000389,0.000292,0.0,9.7e-05,0.008299,0.394505,0.022023,0.525006,0.073014,1.0166,0.793077,0,1205,564,3021,1353,5910,0,0.0,0.142034,271,20,276825.6259
49,9455,24.183809,0.321946,0.33559,0.339609,0.000212,0.0,0.0,0.000212,0.0,0.0,0.0,0.0,0.0,0.0,0.000952,0.0,0.000846,0.000317,0.000212,0.0,0.000106,0.0,0.451072,0.022354,0.594365,0.072932,1.016635,0.906822,0,0,829,2776,0,6679,0,0.0,0.147134,271,20,286142.1853
50,9552,24.348699,0.327157,0.333333,0.336369,0.000314,0.0,0.0,0.000209,0.000105,0.0,0.0,0.0,0.0,0.0,0.001047,0.0,0.000838,0.000314,0.000209,0.0,0.000105,0.006579,0.426293,0.022757,0.556684,0.073081,1.016816,0.855946,6,608,511,2208,1024,6320,0,0.0,0.152866,275,26,298200.7539
51,10241,24.517944,0.328581,0.330632,0.337565,0.000293,0.0,0.0,0.000195,9.8e-05,0.0,0.0,0.0,0.0,0.0,0.001172,0.0,0.000879,0.000293,0.000195,0.0,9.8e-05,0.004862,0.399107,0.023448,0.523025,0.073141,1.016332,0.801191,0,1234,545,3338,960,5943,0,0.0,0.157935,281,26,309631.0136
52,9429,24.708062,0.328349,0.331,0.337363,0.000318,0.0,0.0,0.000212,0.0,0.0,0.0,0.0,0.0,0.0,0.001273,0.0,0.000955,0.000318,0.000106,0.0,0.000106,0.0,0.457493,0.023916,0.594574,0.073096,1.016572,0.917913,0,0,812,2601,484,6344,0,0.0,0.163072,281,26,320449.0255
53,9888,24.857945,0.326557,0.332524,0.337985,0.000303,0.0,0.000101,0.000202,0.0,0.0,0.0,0.0,0.0,0.0,0.001011,0.0,0.000809,0.000303,0.000101,0.0,0.000101,0.003102,0.414317,0.024322,0.53652,0.073136,1.017779,0.83212,0,967,508,2553,1336,5999,0,0.0,0.168561,284,26,333393.1828
54,10936,25.012932,0.324799,0.333486,0.338058,0.000366,0.0,9.1e-05,0.000366,9.1e-05,0.0,0.0,0.0,0.0,0.0,0.001097,0.0,0.001006,0.000366,9.1e-05,0.0,0.000183,0.011561,0.387503,0.024564,0.501097,0.073023,1.019017,0.778438,0,1730,682,4120,1247,5569,0,0.0,0.173427,304,26,345718.3306
55,9879,25.20642,0.324426,0.335155,0.336674,0.000304,0.0,0.000101,0.000405,0.000101,0.0,0.0,0.0,0.0,0.0,0.001215,0.0,0.001012,0.000405,0.000101,0.0,0.000101,0.0,0.463446,0.024988,0.595699,0.072928,1.018874,0.93056,2,0,1057,3283,430,6166,0,0.0,0.178209,304,28,356534.779
56,10231,25.360772,0.324699,0.338383,0.332714,0.000293,9.8e-05,9.8e-05,0.000391,9.8e-05,9.8e-05,0.0,9.8e-05,9.8e-05,0.0,0.001368,0.0,0.00088,0.000489,9.8e-05,0.0,9.8e-05,0.016221,0.419715,0.025315,0.534804,0.073062,1.01915,0.842342,0,1048,696,3248,1246,5737,0,0.0,0.183266,321,28,369340.505
57,9401,25.576548,0.326774,0.337411,0.331454,0.000319,0.000106,0.000106,0.000425,0.0,0.000106,0.0,0.000106,0.000106,0.0,0.001489,0.0,0.000957,0.000425,0.000106,0.0,0.000106,0.0,0.465808,0.025358,0.595973,0.07292,1.019308,0.934794,0,0,830,2977,0,6424,0,0.0,0.187574,321,28,379085.5474
58,10087,25.761411,0.326856,0.34143,0.327352,0.000297,9.9e-05,9.9e-05,0.000397,0.0,9.9e-05,0.0,9.9e-05,0.000198,0.0,0.001586,0.0,0.000892,0.000397,9.9e-05,0.0,9.9e-05,0.008237,0.413035,0.025664,0.524248,0.073218,1.020412,0.827302,0,1214,528,3381,654,6052,0,0.0,0.192009,331,28,390342.982
59,9356,25.916598,0.32717,0.342668,0.325673,0.000321,0.000107,0.000107,0.000428,0.0,0.000107,0.0,0.000107,0.000214,0.0,0.00171,0.0,0.000855,0.000428,0.000107,0.0,0.0,0.0,0.469255,0.025999,0.596953,0.073201,1.02068,0.940038,0,0,731,1997,1164,6195,0,0.0,0.197385,331,28,403925.3971
60,10546,26.077551,0.32638,0.340413,0.328561,0.00019,9.5e-05,9.5e-05,0.000569,0.0,9.5e-05,0.0,9.5e-05,0.00019,0.0,0.001612,0.0,0.001138,0.000474,9.5e-05,0.0,0.0,0.009587,0.393158,0.026021,0.502612,0.073207,1.021589,0.789399,4,1669,479,3573,1123,5850,0,0.000246,0.201891,347,32,416539.9741
61,9609,26.249677,0.327714,0.338745,0.329275,0.000208,0.000104,0.000104,0.000416,0.0,0.000104,0.0,0.000104,0.000208,0.0,0.001353,0.0,0.001041,0.00052,0.000104,0.0,0.0,0.0,0.468971,0.026208,0.597299,0.073038,1.021614,0.941617,0,0,937,2540,727,6342,0,0.000735,0.206872,347,32,429230.2826
62,10472,26.423838,0.326108,0.339477,0.329736,0.000191,0.000191,9.5e-05,0.000382,0.0,0.000191,0.0,0.000286,0.000286,0.0,0.001432,0.0,0.000955,0.000477,0.000191,0.0,0.0,0.013661,0.405344,0.026748,0.513832,0.072796,1.022229,0.813885,0,1464,601,3850,676,5946,0,0.001463,0.210908,367,32,440821.7676
63,9577,26.582577,0.326616,0.338624,0.330166,0.000104,0.000209,0.000104,0.000313,0.0,0.000209,0.0,0.000209,0.000313,0.0,0.001357,0.0,0.001044,0.000522,0.000209,0.0,0.0,0.0,0.47164,0.026961,0.597363,0.072719,1.022047,0.946121,0,0,895,2689,839,6049,0,0.002426,0.215503,367,32,453592.7173
64,10259,26.745126,0.32859,0.339117,0.327517,9.7e-05,0.000195,0.000195,0.000292,0.0,0.000195,0.0,0.000195,0.000487,0.0,0.001267,0.0,0.001072,0.000585,0.000195,0.0,0.0,0.011024,0.417323,0.027104,0.523386,0.072975,1.023204,0.836046,0,1270,588,3807,783,5669,0,0.003621,0.219272,381,32,465337.276
65,9432,26.882675,0.330471,0.338104,0.326654,0.000106,0.000106,0.000212,0.000318,0.0,0.000212,0.0,0.000212,0.00053,0.0,0.001166,0.0,0.00106,0.000636,0.000212,0.0,0.0,0.0,0.475972,0.02753,0.597807,0.072737,1.02336,0.953456,4,0,827,2383,1161,5888,0,0.005044,0.223962,381,36,479085.5863
66,10288,27.024699,0.332621,0.333981,0.328635,0.000194,0.000194,0.000194,0.000486,0.0,0.000194,0.0,0.000194,0.000486,0.0,0.001069,0.0,0.001069,0.000583,9.7e-05,0.0,0.0,0.007168,0.409244,0.027244,0.516683,0.072872,1.023572,0.82154,0,1395,539,3642,1098,5548,0,0.006692,0.227722,391,36,491710.3872
67,9488,27.162891,0.334001,0.33242,0.328942,0.000105,0.000211,0.000211,0.000527,0.0,0.000105,0.0,0.000211,0.000422,0.0,0.001159,0.0,0.000949,0.000632,0.000105,0.0,0.0,0.0,0.476206,0.027445,0.597696,0.072995,1.023495,0.955628,0,0,800,2354,1035,6099,0,0.008562,0.232308,391,36,505420.9673
68,10390,27.302648,0.331761,0.334552,0.328681,9.6e-05,0.000192,0.000192,0.000481,0.0,0.000192,0.0,0.000289,0.000481,9.6e-05,0.001347,0.0,0.000962,0.000577,9.6e-05,0.0,0.0,0.009078,0.410727,0.027508,0.515254,0.072575,1.024237,0.825024,0,1432,530,3660,978,5752,0,0.010649,0.236049,404,36,518119.8543
69,9463,27.438812,0.331713,0.336257,0.32738,0.000106,0.000211,0.000106,0.000423,0.0,0.000106,0.0,0.000317,0.000211,0.000106,0.001374,0.0,0.000951,0.000634,0.000106,0.0,0.0,0.0,0.474673,0.027369,0.597495,0.072288,1.024199,0.953609,0,0,927,2440,898,6125,0,0.012952,0.24043,404,36,531665.4031
70,10164,27.57804,0.329004,0.336974,0.329398,9.8e-05,0.000197,0.000197,0.000295,0.0,9.8e-05,0.0,0.000394,9.8e-05,0.0,0.001476,0.0,0.001082,0.00059,9.8e-05,0.0,0.0,0.013418,0.417973,0.027484,0.522965,0.072335,1.02595,0.838351,3,1267,566,3581,848,5735,0,0.015467,0.243898,421,39,544046.049
71,9338,27.704416,0.329193,0.337438,0.328336,0.000107,0.000214,0.000214,0.000321,0.0,0.000107,0.0,0.000428,0.000107,0.0,0.001606,0.0,0.001178,0.000643,0.000107,0.0,0.0,0.0,0.477049,0.027539,0.597985,0.072434,1.025849,0.956736,0,0,826,2304,986,6048,0,0.017943,0.248065,421,39,557705.5068
72,10270,27.83059,0.330672,0.334664,0.329309,9.7e-05,0.000292,0.000292,0.000389,0.0,0.000195,0.0,0.000389,9.7e-05,0.0,0.001558,0.0,0.001168,0.000779,9.7e-05,0.0,0.0,0.009148,0.410387,0.027515,0.515263,0.07254,1.026284,0.823856,0,1421,489,3616,934,5720,0,0.020383,0.251368,434,39,570299.0051
73,9439,27.945379,0.329802,0.333828,0.330967,0.000106,0.000318,0.000318,0.000424,0.0,0.000212,0.0,0.000424,0.000106,0.0,0.001483,0.0,0.001059,0.000848,0.000106,0.0,0.0,0.0,0.47616,0.027618,0.597873,0.072535,1.026171,0.955716,0,0,831,2330,1013,6096,0,0.022786,0.255499,434,39,584219.515
74,10351,28.057586,0.328567,0.335233,0.330789,9.7e-05,0.000386,0.00029,0.000386,0.0,0.000193,0.0,0.000386,9.7e-05,0.0,0.001546,0.0,0.001063,0.000869,9.7e-05,0.0,0.0,0.008322,0.410304,0.027451,0.514517,0.072369,1.026645,0.825331,0,1442,530,3632,954,5765,0,0.025153,0.258792,446,39,597114.3305
75,9493,28.165975,0.328979,0.334352,0.331191,0.000105,0.000316,0.000316,0.000421,0.0,0.000211,0.0,0.000421,0.000105,0.0,0.00158,0.0,0.001053,0.000843,0.000105,0.0,0.0,0.0,0.477684,0.027469,0.597721,0.072423,1.026731,0.960603,3,0,858,2464,893,6136,0,0.027484,0.262744,446,42,610880.8821
76,10456,28.271869,0.328998,0.337796,0.327372,9.6e-05,0.000191,0.000478,0.000287,0.0,0.000191,0.0,0.000478,9.6e-05,0.0,0.001817,0.0,0.001052,0.000956,0.000191,0.0,0.0,0.009073,0.407305,0.027507,0.509548,0.0725,1.028499,0.818382,0,1543,580,3861,841,5754,0,0.029781,0.265791,460,42,623516.2802
77,9517,28.366635,0.32836,0.338867,0.326784,0.000105,0.00021,0.00042,0.000315,0.0,0.00021,0.0,0.000525,0.000105,0.0,0.001891,0.0,0.000946,0.001051,0.00021,0.0,0.0,0.0,0.478142,0.027622,0.598313,0.072516,1.028471,0.961858,0,0,939,2547,976,5994,0,0.032043,0.269563,460,42,637458.7494
78,10511,28.458634,0.327086,0.337837,0.329464,9.5e-05,0.00019,0.000381,0.000285,0.0,0.00019,0.0,0.000381,9.5e-05,0.0,0.001808,0.0,0.000951,0.001047,0.00019,0.0,0.0,0.007777,0.407573,0.027496,0.510398,0.07255,1.028827,0.820474,0,1543,549,3947,932,5632,0,0.034271,0.272403,472,42,650204.8152
79,9510,28.540812,0.324606,0.338486,0.331441,0.000105,0.00021,0.00021,0.000315,0.0,0.000105,0.0,0.000421,0.000105,0.0,0.001682,0.0,0.000946,0.001157,0.00021,0.0,0.0,0.0,0.476469,0.027482,0.598319,0.072935,1.028817,0.959832,0,0,1001,2601,977,5932,0,0.036466,0.275982,472,42,664191.8626
80,10474,28.622618,0.324327,0.339698,0.330533,0.000191,0.000191,0.000286,0.000286,0.0,9.5e-05,0.0,0.000382,0.000191,0.0,0.001623,0.0,0.000955,0.00105,0.000191,0.0,0.0,0.007884,0.40801,0.02769,0.511322,0.072743,1.028954,0.822513,2,1522,558,3977,909,5588,0,0.038627,0.278607,484,44,676888.6681
81,9580,28.690913,0.323591,0.338518,0.332568,0.000209,0.000209,0.000313,0.000313,0.0,0.000104,0.0,0.000313,0.000209,0.0,0.001566,0.0,0.000939,0.001044,0.000104,0.0,0.0,0.0,0.477512,0.0278,0.598133,0.072566,1.028987,0.962735,0,0,894,2597,1037,5946,0,0.040757,0.282092,484,44,691070.5468
82,10477,28.755087,0.323566,0.340651,0.329961,0.000191,0.000191,0.000191,0.000477,0.0,9.5e-05,0.0,0.000382,0.000191,0.0,0.001718,0.0,0.00105,0.001145,9.5e-05,9.5e-05,0.0,0.012024,0.409506,0.027755,0.512572,0.072632,1.030075,0.825713,0,1497,600,3925,979,5573,0,0.042854,0.284699,502,44,704067.8807
83,9553,28.810916,0.325552,0.342301,0.326285,0.000209,0.000209,0.000209,0.000523,0.0,0.000105,0.0,0.000419,0.000209,0.0,0.001884,0.0,0.001047,0.001047,0.0,0.0,0.0,0.0,0.478344,0.028008,0.598336,0.072604,1.030108,0.965037,0,0,924,2538,1044,5971,0,0.04492,0.288141,502,44,718382.39
84,10486,28.863342,0.324719,0.33931,0.330441,0.000191,9.5e-05,9.5e-05,0.000572,0.0,0.0,0.0,0.000381,0.000191,0.0,0.001907,0.0,0.001049,0.000954,0.0,0.0,9.5e-05,0.005996,0.410828,0.02804,0.512557,0.072752,1.030851,0.829201,0,1501,568,3896,990,5600,0,0.046955,0.290705,511,44,731513.5943
85,9542,28.909751,0.325403,0.340075,0.329281,0.00021,0.000105,0.0,0.000629,0.0,0.0,0.0,0.000314,0.00021,0.0,0.001886,0.0,0.000734,0.001048,0.0,0.0,0.000105,0.0,0.478128,0.028173,0.598327,0.072791,1.031016,0.965626,2,0,944,2525,1019,5998,0,0.04896,0.294057,511,46,745902.5663
86,10477,28.953743,0.32872,0.338933,0.326716,0.000286,0.000191,0.0,0.000573,0.0,0.0,0.0,0.000191,0.000286,9.5e-05,0.001718,0.0,0.000859,0.001241,9.5e-05,0.0,9.5e-05,0.008011,0.410553,0.028374,0.512755,0.072677,1.031782,0.829436,0,1498,563,3887,953,5637,0,0.050934,0.296505,523,46,759028.7552
87,9487,28.991623,0.330241,0.334563,0.329504,0.000316,0.000211,0.0,0.000632,0.0,0.0,0.0,0.000211,0.000316,0.000105,0.001581,0.0,0.000843,0.001265,0.000105,0.0,0.000105,0.0,0.478877,0.028234,0.598371,0.072808,1.031958,0.967535,0,0,990,2511,1005,5971,0,0.052879,0.29975,523,46,773407.4446
88,10353,29.027581,0.327538,0.336811,0.329373,0.00029,0.000193,0.0,0.000773,0.0,0.0,9.7e-05,0.00029,0.000386,9.7e-05,0.001545,0.0,0.000869,0.001545,9.7e-05,0.0,9.7e-05,0.011896,0.412914,0.028121,0.515637,0.072813,1.032817,0.834637,0,1429,563,3802,945,5606,0,0.054794,0.302017,540,46,786444.1417
89,9485,29.059869,0.3301,0.335793,0.327886,0.000316,0.000211,0.0,0.000843,0.0,0.0,0.000105,0.000316,0.000422,0.000105,0.001476,0.0,0.000738,0.001476,0.000105,0.0,0.000105,0.0,0.477989,0.028311,0.598223,0.072633,1.032662,0.967106,0,0,868,2464,1001,6020,0,0.056681,0.30507,540,46,800738.2238
90,10398,29.088977,0.33141,0.332852,0.32939,0.000192,0.000192,0.0,0.000866,0.0,0.0,9.6e-05,0.000192,0.000481,0.000192,0.001635,0.0,0.000673,0.001443,9.6e-05,0.0,0.000289,0.01087,0.410223,0.028054,0.513497,0.072628,1.033188,0.830641,2,1472,559,3789,939,5670,0,0.05854,0.307266,556,48,813853.7452
91,9506,29.1135,0.332211,0.332632,0.32895,0.00021,0.000105,0.0,0.000842,0.0,0.0,0.000105,0.00021,0.000421,0.00021,0.001578,0.0,0.000736,0.001368,0.000105,0.0,0.000316,0.0,0.477483,0.028038,0.598176,0.072462,1.033424,0.967284,0,0,892,2471,1001,6034,0,0.06037,0.310278,556,48,828286.8085
92,10415,29.136912,0.334325,0.332405,0.327124,0.000192,0.000192,0.0,0.000768,0.0,0.0,9.6e-05,0.000192,0.00048,0.000288,0.00144,0.0,0.000672,0.001344,0.000192,0.0,0.000288,0.006752,0.409961,0.028117,0.51307,0.072658,1.034435,0.831589,0,1481,572,3805,941,5669,0,0.062173,0.312403,566,48,841477.0579
93,9492,29.159708,0.332491,0.33228,0.328909,0.000211,0.000211,0.0,0.000843,0.0,0.0,0.000105,0.000211,0.000421,0.000211,0.001475,0.0,0.000737,0.00137,0.000211,0.0,0.000316,0.0,0.478947,0.028372,0.598359,0.072844,1.034744,0.972503,0,0,923,2515,964,6013,0,0.06395,0.315284,566,48,855792.4896
94,10420,29.180253,0.328407,0.334837,0.329942,0.000288,0.000192,0.0,0.001056,0.0,0.0,0.000192,0.000288,0.00048,0.000192,0.00144,9.6e-05,0.000768,0.00144,0.000192,0.0,0.000192,0.010115,0.410874,0.02816,0.513124,0.072663,1.035534,0.833685,0,1483,555,3851,917,5652,0,0.065699,0.317257,581,48,868857.5713
95,9539,29.195765,0.330538,0.333892,0.329175,0.00021,0.00021,0.0,0.000734,0.0,0.0,0.00021,0.000314,0.000419,0.00021,0.001468,0.0,0.000734,0.001468,0.00021,0.0,0.00021,0.0,0.478227,0.028199,0.598385,0.072728,1.03556,0.970752,3,0,881,2532,1000,6007,0,0.067422,0.320037,581,51,883286.5982
96,10515,29.209161,0.330861,0.333904,0.328293,0.000285,0.00019,0.0,0.000761,0.0,9.5e-05,0.00019,0.000285,0.000476,0.000285,0.001617,0.0,0.000761,0.001427,0.000285,0.0,0.000285,0.012394,0.408769,0.027975,0.51108,0.072841,1.035883,0.830433,0,1533,557,3931,944,5640,0,0.06912,0.321937,600,51,896465.4328
97,9580,29.220663,0.331211,0.334551,0.327349,0.000313,0.000209,0.0,0.000835,0.0,0.000104,0.000209,0.000313,0.000522,0.000313,0.001566,0.0,0.000626,0.001357,0.000313,0.0,0.000209,0.0,0.477327,0.028377,0.598272,0.072657,1.035787,0.970146,0,0,935,2567,1031,5982,0,0.070792,0.324623,600,51,910980.4925
98,10500,29.229994,0.330762,0.334667,0.327905,0.00019,0.000286,0.0,0.000667,0.0,9.5e-05,0.00019,0.000286,0.000476,0.000286,0.001333,0.0,0.000571,0.001619,0.000381,9.5e-05,0.00019,0.009061,0.406271,0.028422,0.510224,0.072739,1.036952,0.828381,0,1545,625,3955,968,5577,0,0.072439,0.326413,614,51,924240.1752
99,9528,29.240186,0.332389,0.333753,0.327036,0.00021,0.000315,0.0,0.000735,0.0,0.000105,0.00021,0.00021,0.00042,0.00021,0.001364,0.0,0.00063,0.001679,0.00042,0.000105,0.00021,0.0,0.475603,0.028448,0.598172,0.072699,1.036815,0.970823,0,0,972,2598,1003,5927,0,0.074061,0.328948,614,51,938672.2322
100,10525,29.24962,0.330546,0.334537,0.327601,0.000285,0.000285,0.0,0.00076,0.0,9.5e-05,0.000285,0.000285,0.000475,0.00019,0.00133,0.0,0.00076,0.001805,0.00038,0.00019,0.00019,0.014323,0.4077,0.02831,0.510767,0.072685,1.037668,0.831924,4,1536,539,3999,935,5591,0,0.075659,0.330563,636,55,951766.9342
101,9639,29.256397,0.32825,0.335097,0.329287,0.000311,0.000311,0.0,0.00083,0.0,0.000104,0.000311,0.000311,0.000415,0.000207,0.001349,0.0,0.00083,0.00166,0.000311,0.000207,0.000207,0.0,0.476616,0.028358,0.598248,0.072648,1.037655,0.972715,0,0,886,2637,1018,5984,0,0.077232,0.33302,636,55,966230.3153
102,10519,29.261622,0.328453,0.334252,0.329499,0.00038,0.000285,0.0,0.001046,0.0,9.5e-05,0.000285,0.000285,0.000475,0.00019,0.001521,0.0,0.000761,0.001616,0.00038,0.00019,0.000285,0.017196,0.407801,0.028527,0.512204,0.072481,1.038167,0.833254,0,1512,632,3979,949,5591,0,0.078783,0.334653,662,55,979485.0125
103,9614,29.264801,0.330456,0.334096,0.327335,0.000416,0.000104,0.0,0.001144,0.0,0.000104,0.000312,0.000312,0.00052,0.000208,0.001664,0.0,0.000728,0.001768,0.000312,0.000208,0.000312,0.0,0.476305,0.028481,0.598246,0.07252,1.038218,0.973268,0,0,905,2609,1048,5957,0,0.08031,0.337069,662,55,994117.9441
104,10554,29.267265,0.332765,0.334849,0.324522,0.000379,9.5e-05,0.0,0.001137,0.0,9.5e-05,0.00019,0.000284,0.000474,0.000284,0.001516,0.0,0.000758,0.0018,0.000284,0.000284,0.000284,0.011003,0.407773,0.028485,0.510597,0.072558,1.039374,0.833997,0,1545,605,3996,982,5576,0,0.081814,0.33864,679,55,1007481.6939
105,9591,29.26967,0.332082,0.33448,0.325618,0.000417,0.000104,0.0,0.001251,0.0,0.000104,0.000104,0.000313,0.000521,0.000209,0.001564,0.0,0.000626,0.001772,0.000313,0.000209,0.000313,0.0,0.476,0.028631,0.59818,0.072424,1.039202,0.972683,0,0,963,2611,1054,5926,0,0.083295,0.340983,679,55,1022115.1483
106,10537,29.272165,0.332542,0.333871,0.325804,0.000475,9.5e-05,0.0,0.001139,0.0,0.00019,0.00019,0.000285,0.000569,0.00019,0.001424,0.0,0.000759,0.001613,0.000285,0.000285,0.000285,0.009572,0.405504,0.028337,0.509157,0.072437,1.039998,0.828699,0,1567,621,4003,1015,5519,0,0.084755,0.342404,694,55,1035411.6301
107,9592,29.277088,0.336635,0.332673,0.322977,0.000417,0.000104,0.0,0.000938,0.0,0.000209,0.000104,0.000313,0.000521,0.000209,0.001564,0.0,0.000834,0.001668,0.000209,0.000313,0.000313,0.0,0.475222,0.028361,0.598247,0.072441,1.039968,0.970913,0,0,945,2622,1029,5941,0,0.086192,0.344585,694,55,1049878.8888
108,10539,29.280378,0.337319,0.330961,0.323845,0.00038,9.5e-05,0.0,0.000854,0.0,0.000285,9.5e-05,0.00038,0.00038,0.00019,0.001613,0.0,0.000949,0.001708,0.00038,0.000285,0.000285,0.013926,0.408307,0.028139,0.512595,0.072448,1.040211,0.834614,0,1508,561,3986,965,5588,0,0.087608,0.34593,715,55,1063129.0239
109,9526,29.282605,0.338442,0.329834,0.323851,0.00042,0.000105,0.0,0.00084,0.0,0.00021,0.0,0.00042,0.00042,0.00021,0.001575,0.0,0.000945,0.00168,0.00042,0.000315,0.000315,0.0,0.477876,0.028117,0.598126,0.072479,1.04,0.9768,0,0,1013,2598,1023,5905,0,0.089003,0.348123,715,55,1077718.5225
110,10456,29.283641,0.338753,0.331484,0.321825,0.000383,0.000191,0.0,0.000765,0.0,0.000191,0.0,0.000383,0.000478,0.000287,0.001626,0.0,0.000765,0.001913,0.000383,0.000287,0.000287,0.006748,0.408045,0.028203,0.513301,0.07255,1.040763,0.835406,6,1482,552,3936,964,5556,0,0.090376,0.349334,725,61,1090875.6248
111,9499,29.28392,0.340141,0.331298,0.32056,0.000421,0.000105,0.0,0.000842,0.0,0.000211,0.0,0.000421,0.000526,0.000316,0.001579,0.0,0.000842,0.001895,0.000316,0.000316,0.000211,0.0,0.475817,0.028064,0.598118,0.072718,1.040874,0.972945,0,0,957,2522,1050,5927,0,0.091729,0.351452,725,61,1105532.5226
112,10481,29.283301,0.33909,0.332125,0.320771,0.000572,9.5e-05,0.0,0.000763,0.0,0.000191,0.0,0.000477,0.000572,0.000382,0.001431,0.0,0.000859,0.001717,0.000286,0.000286,0.000382,0.010198,0.404896,0.027973,0.508421,0.072811,1.041438,0.826925,0,1569,587,3950,988,5543,0,0.093062,0.352668,741,61,1118825.1662
113,9519,29.285319,0.33743,0.331968,0.322198,0.000525,0.000105,0.0,0.00084,0.0,0.00021,0.0,0.000525,0.000525,0.00042,0.001366,0.0,0.000945,0.001891,0.000315,0.000315,0.00042,0.0,0.474218,0.027927,0.598049,0.072903,1.041214,0.968169,0,0,962,2567,1006,5946,0,0.094375,0.35462,741,61,1133251.2463
114,10471,29.288833,0.337217,0.331773,0.322605,0.000382,9.6e-05,0.0,0.000955,0.0,0.000287,0.0,0.000669,0.000573,0.000382,0.001433,0.0,0.00086,0.001528,0.000478,0.000382,0.000382,0.009026,0.405488,0.027892,0.509359,0.072502,1.042052,0.82867,0,1551,599,3956,941,5574,0,0.095668,0.355742,755,61,1146418.5443
115,9528,29.294449,0.338056,0.333543,0.320109,0.00042,0.000105,0.0,0.000945,0.0,0.000315,0.0,0.000735,0.00063,0.00042,0.001469,0.0,0.000945,0.001364,0.000315,0.00021,0.00042,0.0,0.475732,0.027923,0.597935,0.072517,1.041978,0.971767,2,0,943,2639,975,5914,0,0.096942,0.357593,755,63,1160726.3966
116,10397,29.299214,0.340771,0.32971,0.321343,0.000385,0.000192,9.6e-05,0.000962,0.0,0.000289,0.0,0.000673,0.000673,0.000481,0.00125,0.0,0.000962,0.001443,0.000289,0.000192,0.000289,0.008655,0.407191,0.027859,0.51144,0.072442,1.042789,0.833798,0,1502,633,3973,907,5517,0,0.098197,0.358563,768,63,1173737.823
117,9491,29.299771,0.340955,0.332736,0.318618,0.000421,0.0,0.000105,0.000948,0.0,0.000211,0.0,0.000632,0.000527,0.000421,0.001054,0.0,0.001054,0.001475,0.000316,0.000211,0.000316,0.0,0.475589,0.027925,0.597755,0.07252,1.042672,0.973659,0,0,906,2589,1052,5850,0,0.099432,0.360376,768,63,1188168.5195
118,10442,29.299367,0.340069,0.33212,0.319862,0.000287,0.0,9.6e-05,0.000862,0.0,0.000192,0.0,0.000575,0.000383,0.000479,0.001245,9.6e-05,0.001245,0.001437,0.000287,0.000287,0.000479,0.01023,0.404017,0.027854,0.508174,0.072688,1.043083,0.82647,0,1564,613,3991,987,5464,0,0.10065,0.361306,784,63,1201326.1115
119,9540,29.299734,0.343187,0.330608,0.319392,0.00021,0.0,0.0,0.000629,0.0,0.000105,0.0,0.000314,0.000419,0.000524,0.000943,0.000105,0.001363,0.001363,0.000105,0.00021,0.000524,0.0,0.475243,0.027689,0.59773,0.072727,1.043077,0.972956,0,0,902,2593,1059,5888,0,0.101849,0.363087,784,63,1215847.9966
120,10545,29.299078,0.344998,0.32973,0.318634,0.00019,0.0,0.0,0.000664,0.0,0.000284,0.0,0.000379,0.000474,0.000379,0.000948,9.5e-05,0.001233,0.001233,9.5e-05,0.000284,0.000379,0.011271,0.402687,0.027733,0.507143,0.072712,1.04368,0.824656,4,1597,592,4022,1000,5523,0,0.10303,0.364011,802,67,1229099.3952
121,9581,29.299969,0.344327,0.329819,0.319278,0.000209,0.0,0.0,0.000731,0.0,0.000313,0.0,0.000417,0.000417,0.000417,0.000731,0.0,0.001252,0.001252,0.000104,0.000313,0.000417,0.0,0.474377,0.027671,0.597765,0.072704,1.043701,0.970984,0,0,964,2682,984,5915,0,0.104193,0.365696,802,67,1243510.0078
122,10498,29.302495,0.346352,0.327681,0.319585,0.000191,0.0,0.0,0.000667,0.0,0.000286,0.0,0.000381,0.000476,0.000476,0.000762,0.0,0.001048,0.001334,9.5e-05,0.000286,0.000381,0.008592,0.40528,0.027586,0.511598,0.072681,1.044502,0.831873,0,1513,596,4050,921,5527,0,0.105339,0.366481,815,67,1256549.7595
123,9501,29.302978,0.347332,0.327018,0.319545,0.000211,0.0,0.0,0.000737,0.0,0.000316,0.0,0.000421,0.000211,0.000421,0.000526,0.0,0.001053,0.001368,0.000105,0.000316,0.000421,0.0,0.473674,0.027511,0.597758,0.072977,1.044515,0.973266,0,0,997,2655,1024,5822,0,0.106467,0.36812,815,67,1271038.6333
124,10401,29.303585,0.345736,0.327949,0.319777,0.000192,0.0,0.0,0.000769,0.0,0.000288,0.0,0.000385,0.000192,0.000385,0.000481,0.0,0.00125,0.001538,0.000192,0.000288,0.000577,0.009759,0.403163,0.027417,0.509347,0.072886,1.045077,0.827901,0,1537,637,4028,968,5405,0,0.107579,0.36877,830,67,1284038.3
125,9463,29.301181,0.346402,0.328965,0.317975,0.000211,0.0,0.0,0.00074,0.0,0.000317,0.0,0.000423,0.000211,0.000423,0.000423,0.0,0.001268,0.001479,0.000211,0.000317,0.000634,0.0,0.472952,0.027426,0.597802,0.072731,1.044907,0.971256,2,0,938,2562,1096,5805,0,0.108674,0.370327,830,69,1298614.5401
126,10534,29.297718,0.347731,0.332068,0.313366,0.000285,0.0,0.0,0.000759,0.0,0.000475,0.0,0.00057,0.00019,0.000285,0.00038,0.0,0.001139,0.001519,0.00019,0.000475,0.00057,0.009926,0.400611,0.027461,0.506181,0.072691,1.045346,0.822764,0,1612,541,4029,1041,5464,0,0.109753,0.371015,846,69,1311862.8248
127,9517,29.300094,0.352632,0.327519,0.313124,0.000315,0.0,0.0,0.000841,0.0,0.00042,0.0,0.000525,0.00021,0.00021,0.00042,0.0,0.001261,0.001366,0.00021,0.000525,0.00042,0.0,0.473515,0.027509,0.597783,0.072874,1.045548,0.974046,0,0,1017,2641,981,5895,0,0.110815,0.372543,846,69,1326296.6742
128,10401,29.301722,0.353908,0.323623,0.315835,0.000385,0.0,9.6e-05,0.000865,0.0,0.000385,0.0,0.000577,0.000288,0.000192,0.000385,0.0,0.000961,0.001346,0.000192,0.000481,0.000481,0.010149,0.404917,0.027483,0.512884,0.072849,1.046346,0.833381,0,1478,594,3975,906,5520,0,0.111862,0.37311,861,69,1339300.56
129,9477,29.302615,0.352749,0.322887,0.317928,0.000422,0.0,0.000106,0.000739,0.0,0.000211,0.0,0.000633,0.000317,0.000211,0.000422,0.0,0.00095,0.001266,0.000211,0.000528,0.000422,0.0,0.472363,0.027583,0.597703,0.072968,1.046149,0.97246,0,0,924,2614,1044,5819,0,0.112893,0.37454,861,69,1353708.6101
130,10478,29.302721,0.353503,0.321149,0.318763,0.000191,0.0,9.5e-05,0.000573,0.0,0.000286,0.0,0.000573,0.000286,0.000191,0.000477,0.0,0.001145,0.001432,0.000382,0.000573,0.000382,0.009476,0.401848,0.027443,0.507362,0.072884,1.046829,0.827448,2,1583,582,4053,996,5429,0,0.113908,0.375114,876,71,1366845.6296
131,9517,29.301086,0.354523,0.322055,0.317012,0.00021,0.0,0.000105,0.00063,0.0,0.000105,0.0,0.00042,0.000105,0.000105,0.00042,0.0,0.001261,0.001576,0.00042,0.00063,0.00042,0.0,0.472649,0.027351,0.597773,0.072899,1.047011,0.973521,0,0,961,2644,1067,5806,0,0.114908,0.376545,876,71,1381412.9447
132,10531,29.299703,0.353528,0.324755,0.315165,0.000285,0.0,0.0,0.00057,0.0,9.5e-05,0.0,0.00038,9.5e-05,9.5e-05,0.000475,0.00019,0.001139,0.001614,0.00038,0.00076,0.000475,0.008217,0.4014,0.027202,0.507943,0.073203,1.047442,0.827177,0,1582,568,4068,1012,5451,0,0.115893,0.377069,889,71,1394592.003
133,9567,29.302302,0.355911,0.323194,0.314832,0.000314,0.0,0.0,0.000627,0.0,0.000105,0.0,0.000314,0.000105,0.0,0.000418,0.000209,0.001045,0.001359,0.000418,0.000836,0.000314,0.0,0.473456,0.027329,0.597789,0.073213,1.047474,0.97575,0,0,964,2716,1007,5844,0,0.116864,0.378428,889,71,1409014.3125
134,10458,29.303948,0.354657,0.322624,0.316504,0.000287,0.0,0.0,0.000765,0.0,0.0,0.0,0.000478,9.6e-05,0.0,0.000287,0.000191,0.001052,0.001243,0.000478,0.000956,0.000382,0.010667,0.404378,0.027212,0.512012,0.073452,1.048075,0.834768,0,1500,609,4057,945,5456,0,0.117819,0.37888,905,71,1422059.6543
135,9503,29.301659,0.353888,0.323687,0.3159,0.000316,0.0,0.0,0.000737,0.0,0.0,0.0,0.000526,0.0,0.0,0.000316,0.00021,0.001158,0.001368,0.000421,0.001052,0.000421,0.0,0.471241,0.027334,0.597659,0.073436,1.048003,0.97264,1,0,955,2611,1087,5805,0,0.118761,0.380202,905,72,1436660.0125
136,10595,29.299009,0.354412,0.323171,0.315715,0.000378,0.0,0.0,0.000566,0.0,0.0,0.0,0.000378,0.0,0.0,0.000283,0.000189,0.001605,0.001416,0.000566,0.000944,0.000378,0.009058,0.399047,0.027123,0.504184,0.07337,1.048491,0.823124,0,1656,564,4125,1020,5450,0,0.119688,0.38068,920,72,1449941.341
137,9553,29.296655,0.357375,0.323354,0.312781,0.000314,0.0,0.0,0.000314,0.0,0.0,0.0,0.000314,0.0,0.0,0.000314,0.000105,0.001675,0.001361,0.000628,0.001047,0.000419,0.0,0.472074,0.027021,0.597662,0.07354,1.048559,0.973935,0,0,1042,2702,1052,5799,0,0.120602,0.382053,920,72,1464602.9083
138,10560,29.296248,0.357102,0.324432,0.311742,0.000379,0.000189,0.0,0.000284,0.0,0.0,0.0,0.000189,0.0,0.0,0.000473,0.000284,0.001515,0.001326,0.000568,0.001136,0.000379,0.012739,0.401808,0.02717,0.508801,0.073923,1.049357,0.829545,0,1570,563,4130,992,5438,0,0.121501,0.382422,940,72,1477723.0155
139,9592,29.29664,0.359362,0.321518,0.312031,0.000417,0.000209,0.0,0.000313,0.0,0.0,0.0,0.000209,0.0,0.0,0.000521,0.000313,0.001564,0.00146,0.000626,0.001147,0.000313,0.0,0.472493,0.027103,0.597826,0.073877,1.049209,0.975396,0,0,968,2725,1011,5856,0,0.122388,0.383641,940,72,1492142.0895
140,10468,29.297644,0.357088,0.319832,0.316106,0.000478,0.000191,0.0,0.000478,0.0,0.0,0.0,0.000191,0.0,0.0,0.000478,0.000287,0.001433,0.001433,0.000669,0.000955,0.000382,0.009855,0.403002,0.026852,0.510974,0.073759,1.049913,0.832728,3,1522,646,4076,942,5450,0,0.123261,0.383993,955,75,1505222.4831
141,9519,29.295079,0.356025,0.321042,0.316315,0.000315,0.00021,0.0,0.00042,0.0,0.0,0.0,0.00021,0.0,0.0,0.000525,0.00021,0.001366,0.001471,0.000735,0.00084,0.000315,0.0,0.470813,0.026872,0.597863,0.073752,1.050091,0.973106,0,0,949,2590,1115,5814,0,0.12412,0.385248,955,75,1519937.4386
142,10594,29.29344,0.357278,0.320842,0.315462,0.000378,9.4e-05,0.0,0.000378,0.0,0.0,0.0,0.000189,0.0,0.0,0.000472,0.000189,0.001699,0.001322,0.000472,0.00085,0.000378,0.009644,0.396998,0.0269,0.504179,0.073719,1.050609,0.820936,0,1659,584,4091,1051,5452,0,0.124967,0.385628,971,75,1533299.3448
143,9646,29.295332,0.356002,0.321584,0.316504,0.000415,0.000104,0.0,0.000415,0.0,0.0,0.0,0.000104,0.0,0.0,0.000311,0.000207,0.001555,0.001348,0.000415,0.000726,0.000311,0.0,0.471305,0.026694,0.597938,0.074016,1.050747,0.974497,0,0,948,2720,1019,5907,0,0.125802,0.386865,971,75,1547856.0262
144,10555,29.297314,0.354429,0.325912,0.314164,0.000284,0.000189,0.0,0.000474,0.0,0.0,0.0,0.0,0.0,0.0,0.000284,0.000379,0.001326,0.001232,0.000284,0.000663,0.000379,0.010146,0.401412,0.026655,0.508641,0.074362,1.051204,0.830412,0,1577,668,4128,954,5473,0,0.126623,0.387234,987,75,1561078.0064
145,9590,29.298709,0.353389,0.327529,0.313452,0.000209,0.000209,0.0,0.000521,0.0,0.0,0.0,0.0,0.0,0.0,0.000313,0.000417,0.001251,0.001356,0.000313,0.000626,0.000417,0.0,0.471626,0.026761,0.598214,0.074442,1.051247,0.975391,1,0,965,2742,1032,5816,0,0.127433,0.388331,987,76,1575520.8046
146,10548,29.300525,0.351536,0.328403,0.314278,0.00019,0.00019,0.0,0.000664,0.0,0.0,0.0,0.0,0.0,0.0,0.000284,0.000379,0.001327,0.001327,0.000284,0.000758,0.000379,0.006953,0.40056,0.026591,0.508469,0.074215,1.051584,0.828498,0,1582,624,4153,967,5428,0,0.12823,0.388547,998,76,1588621.0823
147,9560,29.299344,0.352092,0.327406,0.314854,0.000105,0.000209,0.0,0.000628,0.0,0.0,0.0,0.0,0.0,0.0,0.000314,0.000314,0.001255,0.00136,0.000314,0.000837,0.000314,0.0,0.471489,0.026677,0.598043,0.074197,1.051975,0.974791,0,0,988,2698,1094,5768,0,0.129015,0.389685,998,76,1603259.4563
148,10572,29.297366,0.352062,0.326807,0.315267,9.5e-05,0.000189,0.0,0.000473,0.0,0.0,0.0,9.5e-05,0.0,0.0,0.000284,0.000378,0.001324,0.001513,0.000378,0.000851,0.000284,0.010982,0.399072,0.026709,0.505359,0.074381,1.052672,0.824347,0,1639,627,4168,1035,5369,0,0.129789,0.389897,1016,76,1616496.1504
149,9578,29.296286,0.350804,0.326582,0.316768,0.0,0.000209,0.0,0.000522,0.0,0.0,0.0,0.000104,0.0,0.0,0.000313,0.000313,0.001462,0.001462,0.000418,0.000731,0.000313,0.0,0.472247,0.026573,0.598341,0.074505,1.05271,0.973794,0,0,994,2705,1078,5795,0,0.130551,0.390979,1016,76,1631039.5005
150,10583,29.296014,0.351129,0.325522,0.317774,0.0,0.000283,0.0,0.000472,9.4e-05,0.0,0.0,9.4e-05,0.0,0.0,0.000283,0.000378,0.001323,0.001417,0.000378,0.000756,9.4e-05,0.009375,0.401531,0.026598,0.507842,0.074624,1.053205,0.82831,4,1600,595,4140,1013,5430,0,0.131301,0.391217,1031,80,1644283.934
151,9567,29.296017,0.351103,0.324762,0.318595,0.0,0.000314,0.0,0.000314,0.000105,0.0,0.0,0.000105,0.0,0.0,0.000209,0.000418,0.001463,0.001463,0.000418,0.000627,0.000105,0.0,0.473998,0.026653,0.598437,0.074872,1.053188,0.977945,0,0,1016,2705,1050,5812,0,0.13204,0.392319,1031,80,1658828.9338
152,10535,29.29627,0.350166,0.326341,0.318462,0.0,0.000285,0.0,0.00038,9.5e-05,0.0,0.0,0.0,0.0,0.0,0.00019,0.00038,0.001519,0.001234,0.000285,0.00057,9.5e-05,0.010672,0.400449,0.026453,0.507809,0.074838,1.05363,0.827622,0,1593,625,4127,978,5430,0,0.132769,0.392502,1048,80,1671989.7372
153,9563,29.294915,0.349054,0.326989,0.319147,0.0,0.000314,0.0,0.000418,0.0,0.0,0.0,0.0,0.0,0.0,0.000209,0.000314,0.001569,0.001046,0.000314,0.000523,0.000105,0.0,0.473078,0.026471,0.598357,0.075146,1.053488,0.976681,0,0,972,2692,1086,5785,0,0.133486,0.393582,1048,80,1686608.5265
154,10598,29.294172,0.348934,0.324967,0.320627,0.0,0.000283,0.0,0.000377,0.000189,0.0,0.0,9.4e-05,0.0,0.0,0.000189,0.000377,0.001793,0.001038,0.000472,0.000566,9.4e-05,0.01227,0.400111,0.026493,0.506306,0.075252,1.0537,0.825156,0,1630,595,4168,1012,5418,0,0.134192,0.393764,1068,80,1699847.5317
155,9561,29.293486,0.348395,0.325384,0.320782,0.0,0.000105,0.0,0.000418,0.000105,0.0,0.0,0.000105,0.0,0.0,0.000209,0.000314,0.001883,0.001046,0.000523,0.000628,0.000105,0.0,0.472064,0.026365,0.598314,0.075292,1.053603,0.973538,3,0,1037,2715,1035,5811,0,0.134888,0.394823,1068,83,1714431.3571
156,10524,29.295097,0.347396,0.326872,0.320315,0.0,9.5e-05,0.0,0.00057,9.5e-05,0.0,0.0,9.5e-05,0.0,0.0,0.000285,0.00038,0.00171,0.001045,0.00038,0.00057,0.00019,0.013863,0.401265,0.026586,0.507997,0.075421,1.054249,0.827727,0,1587,624,4134,959,5431,0,0.135574,0.394937,1090,83,1727528.4662
157,9567,29.295301,0.347967,0.323926,0.322672,0.0,0.000105,0.0,0.000627,0.000105,0.0,0.0,0.000105,0.0,0.0,0.000209,0.000418,0.001777,0.000941,0.000418,0.000627,0.000105,0.0,0.472636,0.026597,0.598514,0.075814,1.0543,0.973973,0,0,957,2703,1075,5789,0,0.136249,0.395901,1090,83,1742031.0125
158,10593,29.2945,0.348438,0.324271,0.321722,0.0,9.4e-05,0.0,0.000661,9.4e-05,0.0,0.0,0.0,0.0,0.0,0.000189,0.000378,0.001699,0.001133,0.000378,0.000755,0.000189,0.012188,0.399215,0.026409,0.505711,0.075754,1.054662,0.824035,0,1641,615,4181,1016,5396,0,0.136914,0.396021,1110,83,1755251.1756
159,9601,29.292333,0.348714,0.3233,0.322258,0.0,0.000104,0.0,0.000729,0.000104,0.0,0.0,0.0,0.0,0.0,0.000208,0.000312,0.001562,0.00125,0.000417,0.000833,0.000208,0.0,0.47158,0.026393,0.598119,0.075745,1.054413,0.975628,0,0,992,2752,1054,5795,0,0.137569,0.397044,1110,83,1769856.8793
160,10564,29.292832,0.34769,0.324498,0.322226,0.0,9.5e-05,0.0,0.000568,0.000189,0.0,0.0,0.0,0.0,0.0,0.000189,0.000379,0.001515,0.001041,0.000473,0.000947,0.000189,0.013174,0.400779,0.026323,0.507802,0.075571,1.054616,0.827811,3,1594,631,4174,990,5400,0,0.138214,0.397112,1131,86,1782990.0053
161,9602,29.293346,0.346282,0.326494,0.321912,0.0,0.000104,0.0,0.000625,0.000208,0.0,0.0,0.0,0.0,0.0,0.000208,0.000417,0.001458,0.000833,0.000521,0.000729,0.000208,0.0,0.472688,0.02631,0.598005,0.075545,1.054616,0.976567,0,0,962,2757,1042,5803,0,0.13885,0.398026,1131,86,1797483.1553
162,10599,29.294095,0.348995,0.320691,0.324748,0.0,9.4e-05,0.0,0.000755,0.000189,0.0,9.4e-05,0.0,0.0,0.0,0.000283,0.000472,0.00151,0.000849,0.000566,0.000566,0.000189,0.008755,0.401191,0.026304,0.5077,0.075561,1.055122,0.830361,0,1599,602,4174,983,5442,0,0.139476,0.398089,1145,86,1810638.2182
163,9560,29.291418,0.35,0.318724,0.325732,0.0,0.000105,0.0,0.000732,0.000209,0.0,0.0,0.0,0.0,0.0,0.000314,0.000523,0.001674,0.000837,0.000523,0.000418,0.000209,0.0,0.471272,0.026373,0.597649,0.075266,1.054992,0.975,0,0,1039,2694,1076,5790,0,0.140092,0.399041,1145,86,1825308.0573
164,10579,29.289898,0.351167,0.317421,0.326118,0.0,0.000189,0.0,0.000756,0.000189,0.0,0.0,0.0,0.0,0.0,0.000284,0.000378,0.001607,0.000662,0.000567,0.000378,0.000284,0.006169,0.399046,0.026218,0.506069,0.075122,1.055818,0.825976,0,1621,602,4128,1018,5433,0,0.1407,0.399067,1155,86,1838522.8423
165,9582,29.289702,0.348362,0.321332,0.325402,0.0,0.000209,0.0,0.000835,0.000209,0.0,0.0,0.0,0.0,0.0,0.000104,0.000417,0.001565,0.000417,0.000522,0.000417,0.000209,0.0,0.471258,0.026412,0.597573,0.074963,1.055886,0.97537,3,0,997,2717,1043,5822,0,0.141298,0.399994,1155,89,1853059.0686
166,10575,29.290354,0.346005,0.323499,0.325768,0.0,0.000189,0.0,0.000757,0.000189,0.0,0.0,0.0,0.0,0.0,9.5e-05,0.000473,0.001513,0.000567,0.000378,0.000378,0.000189,0.008085,0.399716,0.026334,0.506631,0.075158,1.055953,0.826099,0,1608,615,4163,983,5429,0,0.141887,0.400005,1168,89,1866202.2505
167,9617,29.28894,0.347094,0.321098,0.327129,0.0,0.000208,0.0,0.000832,0.000208,0.0,0.0,0.0,0.0,0.0,0.0,0.00052,0.001456,0.00052,0.000416,0.000312,0.000208,0.0,0.471093,0.026421,0.597609,0.075337,1.056007,0.974004,0,0,958,2743,1078,5796,0,0.142468,0.400886,1168,89,1880780.5667
168,10615,29.289018,0.348846,0.317664,0.328497,0.0,0.000188,0.0,0.001036,0.000188,0.0,0.0,0.0,9.4e-05,0.0,0.0,0.000565,0.001507,0.000377,0.000471,0.000377,0.000188,0.007927,0.397635,0.026334,0.505247,0.075539,1.056739,0.823363,0,1640,642,4229,1004,5382,0,0.143039,0.400871,1181,89,1894000.069
169,9635,29.287906,0.349559,0.318215,0.327037,0.0,0.000208,0.0,0.001142,0.000208,0.0,0.0,0.0,0.000104,0.0,0.0,0.000519,0.001453,0.000415,0.000519,0.000415,0.000208,0.0,0.470532,0.02664,0.597598,0.075866,1.056503,0.973742,0,0,980,2759,1100,5776,0,0.143602,0.40173,1181,89,1908613.6837
170,10676,29.285667,0.353222,0.315474,0.326246,0.0,0.000187,0.0,0.001124,0.000187,0.0,0.0,9.4e-05,9.4e-05,0.0,0.0,0.000468,0.001405,0.000375,0.000468,0.000468,0.000187,0.013182,0.397545,0.026424,0.504249,0.076196,1.057238,0.823248,2,1669,628,4270,1028,5378,0,0.144157,0.401728,1203,91,1921911.8396
171,9586,29.285124,0.352806,0.318694,0.323701,0.0,0.000104,0.0,0.001043,0.000209,0.0,0.0,0.000104,0.000104,0.0,0.0,0.000522,0.00146,0.000313,0.000313,0.000417,0.000209,0.0,0.471609,0.026506,0.597701,0.076217,1.057202,0.976111,0,0,1090,2798,1052,5736,0,0.144704,0.402587,1203,91,1936512.4649
172,10587,29.285497,0.351941,0.320771,0.322376,0.0,9.4e-05,0.0,0.000945,0.000283,0.0,0.0,9.4e-05,9.4e-05,0.0,0.0,0.000756,0.001511,0.000378,0.000283,0.000378,9.4e-05,0.010013,0.400056,0.026541,0.507441,0.076571,1.057549,0.828374,0,1598,597,4229,989,5369,0,0.145242,0.402469,1219,91,1949563.4709
173,9516,29.282896,0.352879,0.320723,0.321564,0.0,0.000105,0.0,0.000946,0.000315,0.0,0.0,0.000105,0.000105,0.0,0.0,0.000841,0.001366,0.00021,0.000315,0.00042,0.000105,0.0,0.469485,0.026662,0.597836,0.076406,1.057908,0.972467,0,0,1071,2722,1087,5707,0,0.145772,0.403254,1219,91,1964135.2358
174,10532,29.282504,0.352829,0.318648,0.32349,0.0,9.5e-05,0.0,0.000949,0.000285,0.0,0.0,9.5e-05,0.00019,0.0,0.0,0.000855,0.001519,0.00019,0.000285,0.000475,9.5e-05,0.00733,0.397189,0.026595,0.504947,0.076321,1.058343,0.8233,0,1637,621,4196,1016,5320,0,0.146294,0.40311,1231,91,1977260.4426
175,9569,29.280263,0.351238,0.320932,0.322709,0.0,0.000105,0.0,0.000941,0.000314,0.0,0.0,0.000105,0.000209,0.0,0.0,0.000732,0.001672,0.000209,0.000314,0.000418,0.000105,0.0,0.470829,0.026646,0.59794,0.076268,1.058621,0.975337,2,0,963,2701,1100,5768,0,0.146808,0.403895,1231,93,1991858.6118
176,10581,29.278756,0.352613,0.322087,0.319346,0.0,0.000189,0.0,0.001134,0.000378,0.0,0.0,0.000284,0.000189,0.0,0.0,0.000756,0.001607,0.000189,0.000378,0.000662,0.000189,0.011077,0.39681,0.026579,0.505997,0.076235,1.059094,0.822229,0,1625,613,4158,1030,5393,0,0.147315,0.403774,1249,93,2005068.3441
177,9546,29.281466,0.352399,0.32181,0.319925,0.0,0.00021,0.0,0.001257,0.000419,0.0,0.0,0.000314,0.0,0.0,0.0,0.000838,0.001571,0.00021,0.000419,0.000419,0.00021,0.0,0.469889,0.026478,0.597808,0.07618,1.059351,0.974754,0,0,1035,2724,1027,5795,0,0.147814,0.404545,1249,93,2019539.2039
178,10491,29.284771,0.34887,0.323611,0.321323,0.0,0.000191,0.0,0.001334,0.000477,0.0,0.0,0.000286,0.0,0.0,0.0,0.000953,0.00162,0.000191,0.000572,0.000381,0.000191,0.007634,0.399228,0.026505,0.508278,0.076343,1.059689,0.827757,0,1572,627,4119,951,5421,0,0.148306,0.404377,1261,93,2032568.2344
179,9507,29.286405,0.349006,0.322499,0.322499,0.0,0.00021,0.0,0.001052,0.000421,0.0,0.0,0.000316,0.0,0.0,0.0,0.000947,0.001578,0.00021,0.000631,0.000421,0.00021,0.0,0.470102,0.026518,0.597933,0.076638,1.059536,0.974755,0,0,984,2658,1054,5795,0,0.14879,0.405136,1261,93,2047095.7627
180,10561,29.288462,0.351008,0.320898,0.322413,9.5e-05,0.000189,0.0,0.001136,0.000379,0.0,0.0,0.000284,0.0,0.0,0.0,0.000758,0.001326,0.000379,0.000568,0.000379,0.000189,0.009158,0.397632,0.026572,0.505255,0.076438,1.060057,0.824164,3,1638,584,4140,995,5426,0,0.149267,0.405025,1276,96,2060271.1561
181,9573,29.288112,0.349734,0.320694,0.323932,0.000104,0.000209,0.0,0.001254,0.000313,0.0,0.0,0.000313,0.0,0.0,0.0,0.000731,0.001045,0.000418,0.000627,0.000418,0.000209,0.0,0.469691,0.026554,0.597893,0.07658,1.059974,0.974407,0,0,988,2693,1087,5793,0,0.149736,0.405814,1276,96,2074889.5599
182,10601,29.28679,0.351193,0.319781,0.323271,9.4e-05,0.000283,0.0,0.001132,0.000283,0.0,0.0,0.000377,0.0,0.0,0.0,0.000849,0.001038,0.000283,0.000566,0.000566,0.000283,0.011522,0.398387,0.026361,0.504681,0.076721,1.06015,0.826243,0,1649,621,4184,1017,5400,0,0.150199,0.405728,1295,96,2088188.8981
183,9635,29.289275,0.350804,0.321744,0.321951,0.000104,0.000208,0.0,0.001142,0.000311,0.0,0.0,0.000415,0.0,0.0,0.0,0.000727,0.001142,0.000208,0.000519,0.000415,0.000311,0.0,0.469993,0.026392,0.597689,0.076541,1.060205,0.974676,0,0,966,2783,1023,5829,0,0.150655,0.406422,1295,96,2102608.5475
184,10606,29.291522,0.350745,0.322742,0.321045,9.4e-05,0.000189,0.0,0.001226,0.000377,0.0,0.0,0.000283,0.0,0.0,0.0,0.000754,0.001131,0.000189,0.00066,0.000377,0.000189,0.005653,0.399705,0.026513,0.507937,0.076457,1.060674,0.828776,0,1592,621,4175,970,5461,0,0.151104,0.406263,1304,96,2115720.4811
185,9623,29.289279,0.351761,0.321314,0.321521,0.000104,0.000208,0.0,0.001247,0.000312,0.0,0.0,0.000208,0.0,0.0,0.0,0.000624,0.001247,0.000104,0.000727,0.000416,0.000208,0.0,0.470535,0.02657,0.59762,0.076584,1.060648,0.97454,3,0,983,2695,1075,5853,0,0.151546,0.407067,1304,99,2130419.4417
186,10588,29.286417,0.35408,0.318474,0.322346,0.000189,0.000283,0.0,0.001039,0.000283,0.0,0.0,9.4e-05,0.0,0.0,0.0,0.000567,0.001039,9.4e-05,0.000661,0.000567,0.000283,0.006544,0.395143,0.026622,0.502752,0.076591,1.06058,0.818474,0,1681,716,4179,1007,5402,0,0.151982,0.406988,1315,99,2143731.2106
187,9599,29.28637,0.352849,0.321596,0.320242,0.000208,0.000313,0.0,0.001146,0.000313,0.0,0.0,0.000104,0.0,0.0,0.0,0.000417,0.001146,0.000104,0.000729,0.000625,0.000208,0.0,0.470764,0.026725,0.597513,0.076732,1.060443,0.973331,0,0,989,2759,1045,5795,0,0.152411,0.407703,1315,99,2158238.7437
188,10585,29.288789,0.351724,0.320926,0.321587,0.000189,0.000283,0.0,0.001134,0.000378,0.0,0.0,9.4e-05,0.0,0.0,9.4e-05,0.000567,0.001323,0.000189,0.000756,0.000567,0.000189,0.007528,0.399945,0.026661,0.507458,0.076892,1.060665,0.826075,0,1594,608,4175,985,5425,0,0.152833,0.40752,1327,99,2171326.7399
189,9579,29.290554,0.353586,0.319031,0.32185,0.000209,0.000313,0.0,0.001148,0.000313,0.0,0.0,0.000104,0.0,0.0,0.000104,0.000522,0.001253,0.000209,0.000626,0.000522,0.000209,0.0,0.471081,0.026798,0.597631,0.07709,1.060872,0.97317,0,0,1006,2751,1049,5779,0,0.153249,0.408211,1327,99,2185766.3713
190,10562,29.292048,0.349082,0.32437,0.32153,9.5e-05,0.000189,0.0,0.001041,0.000284,0.0,0.0,9.5e-05,0.0,0.0,9.5e-05,0.000379,0.001136,0.000189,0.000663,0.000663,0.000189,0.011139,0.398402,0.026412,0.50609,0.076848,1.061234,0.823045,5,1616,633,4191,983,5388,0,0.153659,0.407984,1345,104,2198831.0138
191,9554,29.288782,0.348231,0.32646,0.32018,0.000105,0.000209,0.0,0.001047,0.000314,0.0,0.0,0.000105,0.0,0.0,0.000105,0.000419,0.001151,0.000209,0.000628,0.000733,0.000105,0.0,0.468752,0.026492,0.597508,0.076905,1.061323,0.969332,0,0,1008,2666,1118,5770,0,0.154063,0.408671,1345,104,2213466.3922
192,10634,29.286277,0.350574,0.324337,0.319635,0.000188,0.000188,0.0,0.001222,0.000282,0.0,0.0,9.4e-05,0.0,0.0,9.4e-05,0.000376,0.001222,0.000188,0.000658,0.000752,0.000188,0.009417,0.394654,0.026498,0.5019,0.076862,1.061484,0.81766,0,1699,619,4200,1050,5384,0,0.154461,0.408508,1361,104,2226780.08
193,9570,29.286933,0.351202,0.323302,0.319854,0.000209,0.000209,0.0,0.001254,0.000313,0.0,0.0,0.000104,0.0,0.0,0.000104,0.000313,0.001358,0.000209,0.000731,0.000627,0.000209,0.0,0.469907,0.026592,0.596918,0.076661,1.061235,0.974922,0,0,1064,2764,1024,5782,0,0.154853,0.409201,1361,104,2241270.2503
194,10596,29.290178,0.353907,0.320498,0.31946,0.000189,0.000283,0.0,0.001133,0.000378,0.0,0.0,9.4e-05,0.0,0.0,0.000189,0.000472,0.00151,0.000283,0.000849,0.000661,9.4e-05,0.008717,0.398471,0.026494,0.506409,0.076711,1.061846,0.827105,0,1606,580,4213,975,5408,0,0.155239,0.40895,1375,104,2254295.3951
195,9549,29.290221,0.354278,0.319719,0.320034,0.000105,0.000314,0.0,0.001257,0.000419,0.0,0.0,0.0,0.0,0.0,0.000209,0.000419,0.001571,0.000314,0.000733,0.000628,0.0,0.0,0.468558,0.026751,0.596808,0.076692,1.06182,0.973715,3,0,1047,2754,1043,5752,0,0.155619,0.409548,1375,107,2268743.7441
196,10534,29.292829,0.350104,0.322575,0.32153,9.5e-05,0.000285,0.0,0.001329,0.00038,0.0,0.0,0.0,9.5e-05,0.0,0.00019,0.00038,0.001329,0.000285,0.000759,0.000665,0.0,0.010019,0.398581,0.026614,0.506314,0.076896,1.062001,0.828175,0,1597,612,4195,971,5368,0,0.155993,0.409251,1391,107,2281799.8076
197,9488,29.289658,0.350653,0.321037,0.322934,0.000105,0.000105,0.0,0.001476,0.000422,0.0,0.0,0.0,0.0,0.0,0.000211,0.000316,0.001265,0.000316,0.000632,0.000527,0.0,0.0,0.469438,0.026587,0.596802,0.076841,1.062031,0.975443,0,0,1046,2669,1092,5727,0,0.156362,0.409923,1391,107,2296483.2277
198,10587,29.286967,0.355058,0.32096,0.318693,0.000189,9.4e-05,0.0,0.001606,0.000472,0.0,0.0,0.0,0.0,0.0,0.000189,0.000283,0.000945,0.000283,0.000756,0.000472,0.0,0.01247,0.393532,0.026517,0.501719,0.076928,1.062367,0.818362,0,1684,585,4197,1028,5362,0,0.156726,0.409637,1412,107,2309645.8025
199,9598,29.285501,0.354032,0.321942,0.318608,0.000208,0.000104,0.0,0.001771,0.000417,0.0,0.0,0.0,0.0,0.0,0.000208,0.000208,0.001042,0.000313,0.000625,0.000521,0.0,0.0,0.469046,0.026602,0.59658,0.076891,1.062578,0.974891,0,0,989,2752,1055,5791,0,0.157084,0.410246,1412,107,2324138.4706
200,10631,29.285553,0.356128,0.319819,0.318597,0.000188,9.4e-05,0.0,0.001317,0.00047,0.0,0.0,9.4e-05,0.0,9.4e-05,0.000282,0.00047,0.001035,0.000376,0.000564,0.00047,0.0,0.00981,0.397545,0.026208,0.504994,0.076666,1.063261,0.826169,2,1631,598,4226,993,5412,0,0.157436,0.410011,1428,109,2337313.573
